<?xml version="1.0" encoding="utf-8"?>
<extension version="2.5" type="plugin" group="system" method="upgrade">
	<name>plg_system_bfstop</name>
	<author>Bernhard Froehler</author>
	<description>PLG_BFSTOP_DESC</description>
	<creationDate>November 2012</creationDate>
	<copyright>Copyright (C) 2013 by Bernhard Froehler</copyright>
	<license>GNU/GPLv3 http://www.gnu.org/licenses/gpl-3.0.html</license>
	<homepage>https://github.com/codeling/bfstop</homepage>
	<authorEmail>bfstop@bfroehler.info</authorEmail>
	<authorUrl>https://github.com/codeling/bfstop</authorUrl>
	<version>0.9.11</version>
	<scriptfile>setupscripts.php</scriptfile>
	<files>
		<filename plugin="bfstop">bfstop.php</filename>
		<filename>index.html</filename>
		<filename>setupscripts.php</filename>
		<folder>helpers</folder>
		<folder>language</folder>
		<folder>sql</folder>
	</files>
	<languages folder="language">
		<language tag="en-GB">en-GB/en-GB.plg_system_bfstop.ini</language>
		<language tag="en-GB">en-GB/en-GB.plg_system_bfstop.sys.ini</language>
		<language tag="de-DE">de-DE/de-DE.plg_system_bfstop.ini</language>
		<language tag="de-DE">de-DE/de-DE.plg_system_bfstop.sys.ini</language>
		<language tag="pt-PT">pt-PT/pt-PT.plg_system_bfstop.ini</language>
		<language tag="pt-PT">pt-PT/pt-PT.plg_system_bfstop.sys.ini</language>
		<language tag="pt-BR">pt-BR/pt-BR.plg_system_bfstop.ini</language>
		<language tag="pt-BR">pt-BR/pt-BR.plg_system_bfstop.sys.ini</language>
		<language tag="es-ES">es-ES/es-ES.plg_system_bfstop.ini</language>
		<language tag="es-ES">es-ES/es-ES.plg_system_bfstop.sys.ini</language>
	</languages>
	<install>
		<sql>
			<file driver="mysql" charset="utf8">sql/install.mysql.utf8.sql</file>
		</sql>
	</install>
	<uninstall>
		<sql>
			<file driver="mysql" charset="utf8">sql/uninstall.mysql.utf8.sql</file>
		</sql>
	</uninstall>
	<update>
		<schemas>
			<schemapath type="mysql">sql/updates</schemapath>
		</schemas>
	</update>
	<updateservers>
		<server type="extension" name="BFStop Plugin Updates">https://raw.github.com/codeling/bfstop/master/update.xml</server>
	</updateservers>
	<config>
		<fields name="params">
			<fieldset name="basic">
				<field name="blockNumber" type="integer"
					default="15" first="3" last="25" step="1"
					label="BLOCK_NUMBER_LABEL"
					description="BLOCK_NUMBER_DESC" />
				<field name="blockDuration" type="list" default="0"
					label="BLOCK_DURATION_LABEL"
					description="BLOCK_DURATION_DESC">
					<option    value="0">BLOCK_UNLIMITED</option>
					<option    value="5">BLOCK_5MINUTES</option>
					<option   value="10">BLOCK_10MINUTES</option>
					<option   value="15">BLOCK_15MINUTES</option>
					<option   value="30">BLOCK_30MINUTES</option>
					<option   value="60">BLOCK_1HOUR</option>
					<option  value="120">BLOCK_2HOURS</option>
					<option  value="240">BLOCK_4HOURS</option>
					<option  value="480">BLOCK_8HOURS</option>
					<option value="1440">BLOCK_24HOURS</option>
				</field>
				<field name="emailtype" type="list" default="0"
					label="EMAIL_SOURCE_LABEL"
					description="EMAIL_SOURCE_DESC">
					<option value="1">CUSTOMEMAILADDRESS</option>
					<option value="0">SELECTEDUSERS</option>
				</field>
				<field name="emailaddress" type="text" size="40" default=""
					label="EMAIL_ADDRESS_LABEL"
					description="EMAIL_ADDRESS_DESC" />
				<field name="userIDs" type="user" default=""
					label="USERID_LABEL"
					description="USERID_DESC" />
			</fieldset>
			<fieldset name="advanced">
				<field name="enabledForOrigin" type="list" default="3"
					label="ENABLED_FOR_ORIGIN_LABEL"
					description="ENABLED_FOR_ORIGIN_DESC">
					<option value="1">ENABLED_FOR_FRONTEND</option>
					<option value="2">ENABLED_FOR_BACKEND</option>
					<option value="3">ENABLED_FOR_BOTH</option>
				</field>
				<field name="blockEnabled" type="list" default="1"
					label="BLOCK_ENABLED_LABEL"
					description="BLOCK_ENABLED_DESC">
					<option value="0">DISABLED</option>
					<option value="1">ENABLED</option>
				</field>
				<field name="maxBlocksBefore" type="list" default="3"
					label="MAX_BLOCKS_BEFORE_LABEL"
					description="MAX_BLOCKS_BEFORE_DESC">
					<option value="0">MAX_BLOCK_NEVER</option>
					<option value="2">2</option>
					<option value="3">3</option>
					<option value="4">4</option>
					<option value="5">5</option>
					<option value="5">6</option>
				</field>
				<field name="notifyRemainingAttempts" type="list" default="0"
					label="NOTIFY_REMAINING_ATTEMPTS_LABEL"
					description="NOTIFY_REMAINING_ATTEMPTS_DESC">
					<option value="0">DISABLED</option>
					<option value="1">ENABLED</option>
				</field>
				<field name="blockedMessage" type="text" size="40" default=""
					label="BLOCKED_MESSAGE_LABEL"
					description="BLOCKED_MESSAGE_DESC" />
				<field name="delayDuration" type="integer"
					default="0" first="0" last="60" step="5"
					label="DELAY_DURATION_LABEL"
					description="DELAY_DURATION_DESC" />
				<field name="notifyBlockedUser" type="list" default="0"
					label="NOTIFY_BLOCKED_USER_LABEL"
					description="NOTIFY_BLOCKED_USER_DESC">
					<option value="0">DISABLED</option>
					<option value="1">ENABLED</option>
				</field>
				<field name="notifyBlockedNumber" type="list" default="5"
					label="NOTIFY_BLOCKED_NUMBER_LABEL"
					description="NOTIFY_BLOCKED_NUMBER_DESC">
					<option value="-1">NOTIFY_UNLIMITED</option>
					<option value="0">NOTIFY_NEVER</option>
					<option value="1">1</option>
					<option value="2">2</option>
					<option value="3">3</option>
					<option value="4">4</option>
					<option value="5">5</option>
				</field>
				<field name="notifyFailedNumber" type="list" default="0"
					label="NOTIFY_FAILED_NUMBER_LABEL"
					description="NOTIFY_FAILED_NUMBER_DESC">
					<option value="-1">NOTIFY_UNLIMITED</option>
					<option value="0">NOTIFY_NEVER</option>
					<option value="1">1</option>
					<option value="2">2</option>
					<option value="3">3</option>
					<option value="4">4</option>
					<option value="5">5</option>
				</field>
				<field name="logLevel" type="list" default="8"
					label="LOGLEVEL_LABEL"
					description="LOGLEVEL_DESC">
					<option value="0">DISABLED</option>
					<option value="2">FATAL</option>
					<option value="8">ERROR</option>
					<option value="16">WARNING</option>
					<option value="64">INFO</option>
					<option value="128">DEBUG</option>
				</field>
			</fieldset>
		</fields>
	</config>
</extension>
